"ESPECE","sp_id","Raison"
"  yf","YFT",
" bon","SKJ",
" hau","BIL",
" mah","DOL",
" neant","null",
" nul","null",
" pap","YFT",
" thz","WAH",
" yf","YFT",
" YFT","YFT",
"3mah 1hau","PEL",
"aavere","C88",
"activite baleine",,"4"
"ALB","ALB",
"ALB (tb)","ALB",
"ana","PRP",
"apai","HVS",
"ar",,"1"
"aramea","BIS",
"ARQ (tahakari-matu)","ARQ",
"arr",,"1"
"arret",,"1"
"arrêt",,"1"
"atea","EEA",
"ature","BIS",
"ature ger","PEL",
"auh","SKJ",
"auh mah","PEL",
"auh pap","TUN",
"auh torr","SKJ",
"auh/pap","TUN",
"ave","YFT",
"AVR (utu)","AVR",
"AXQ (parai)","AXQ",
"AXQ (parai-maito)","AXQ",
"AYF (paru aahi)","AYF",
"BAB","BAB",
"BAB (tatia)","BAB",
"BAC (jello)","BAC",
"baracuda","GBA",
"barracuda","GBA",
"bec de can","LHO",
"berix","BYS",
"BET","BET",
"BET (tat-pap)","BET",
"BIG (mataanaana)","BIG",
"BIL","BIL",
"BIL (haura)","BIL",
"BIS","BIS",
"BIS (ature-aramea…)","BIS",
"BLM","BLM",
"BLM (haura noir)","BLM",
"bneant","null",
"bon","SKJ",
"bon auh","SKJ",
"bon bon","SKJ",
"bon mah","PEL",
"bon mrl","PEL",
"bon pot","SKJ",
"bon thz","PEL",
"bon toh","SKJ",
"bon yf","TUN",
"bon/toh","SKJ",
"bontoh","SKJ",
"bon-yf","TUN",
"bon-yf-thz","PEL",
"BQL (kaveu)","BQL",
"BUM","BUM",
"BUM (haura moana)","BUM",
"BYS","BYS",
"BYS (paru mataana)","BYS",
"C20 (tehu)","C20",
"C88 (aavere)","C88",
"cale",,"15"
"câle",,"15"
"calmar","SQU",
"car",,"15"
"carangue","TRE",
"carangues","TRE",
"carénage",,"15"
"carnague","TRE",
"carrenage",,"15"
"CFX (Rari)","CFX",
"cigales","RRK",
"CNT (oiri tua)","CNT",
"compet",,"5"
"competition",,"5"
"conges",,"9"
"coquillage","MSH",
"covivi","LXN",
"crabe","F44",
"crabes","F44",
"CWI (paru rero)","CWI",
"deces",,"1"
"div lagonaire","OTH",
"div pelag","PEL",
"div pelagique","PEL",
"div poiss.lagonaires","OTH",
"divers","UNS",
"divers pelagique","PEL",
"divers plg","OTH",
"DKC (pahua)","DKC",
"DOL","DOL",
"DOL (mahi)","DOL",
"DOT","DOT",
"DOT (vau)","DOT",
"EBS (paru papio)","EBS",
"EEK (hapuu)","EEK",
"EEN (hapuu reru)","EEN",
"EEW","EEW",
"EIF (hapuu rehu)","EEN",
"einaa","IYL",
"EML (Tonu)","EML",
"entretien",,"2"
"esd","BIL",
"esp","BIL",
"Essai",,"6"
"ETA (paru iihi)","ETA",
"ETC (paru onaga)","ETC",
"fana","LJB",
"fee","OCT",
"ferie",,"9"
"FLY","FLY",
"FLY (mrr-marara)","FLY",
"formation",,"1"
"G57 (Nason)","G57",
"GBA","GBA",
"GBA (barracuda)","GBA",
"ge yf","TUN",
"ger","ALB",
"ger bon","TUN",
"ger mah","PEL",
"ger plg","UNS",
"ger yf","TUN",
"GES (mana roa)","GES",
"hahatea","VRL",
"hai","PLS",
"haka","LJB",
"hana","LJB",
"hapu","EEK",
"hapuu","EEK",
"hapuu reru","EEN",
"hau","BIL",
"hau bon","PEL",
"hau thz","PEL",
"hau toh","PEL",
"hau/tb","PEL",
"haub","BIL",
"hauh","BIL",
"haur","BIL",
"haura","BIL",
"haura bleu","BUM",
"haura moana","BUM",
"haura paere","SSP",
"haurepe","SFA",
"herepoti","C44",
"hoa","VRL",
"hueehi","DIO",
"huhi","DIO",
"huhu","PWT",
"hui","DIO",
"hui haka","UVE",
"HVM (napoleon)","HVM",
"HVS (apai)","HVS",
"iihi","YJW",
"inaa","IYL",
"ioio","BGV",
"kaveu","BQL",
"KAW (otava)","KAW",
"kuripo","C47",
"KYP (nanue)","KYP",
"lag","SLV",
"LAG (sdd)","LAG",
"lang","SLV",
"langouste","SLV",
"langoustes","SLV",
"langoutes","SLV",
"lanlang","SLV",
"LEC (paru uravena)","LEC",
"LJB (haamea)","LJB",
"LOB (tilapia)","LOB",
"location",,"1"
"LRY (paru taape)","LRY",
"LWA (paru rehu)","LWA",
"LWZ (paru maene)","LWZ",
"LZX (oeo-tamure)","LZX",
"ma","DOL",
"maco","MAK",
"maene","LWZ",
"mah","DOL",
"mah / thz","PEL",
"mah auh","PEL",
"mah bon","PEL",
"mah hau","PEL",
"mah mrl","PEL",
"mah pap","PEL",
"mah thz","PEL",
"mah toh","PEL",
"mah tore","PEL",
"mah yf","PEL",
"mah-bon","PEL",
"mahi","DOL",
"mahima","DOL",
"mahthz","PEL",
"maimai","DOL",
"maito","AXQ",
"makau","MAK",
"mako","MAK",
"malade",,"7"
"maladie",,"7"
"mama","KHX",
"mana","PRP",
"maoa","GSH",
"mara","HVM",
"maraamu","vent???","8"
"marara","FLY",
"marara (mrr)","FLY",
"marava","IGA",
"marr","FLY",
"mataanaana","BWH",
"matapuu","EEA",
"matavai","YTC",
"matu","AYF",
"matu vi","LRX",
"matueka","RRU",
"matuite","marquises ?","10"
"matuui","LRX",
"matuvi","LRX",
"matuvie","LRX",
"meka","SWO",
"merou","BSX",
"merrou","BSX",
"meteo defavorable",,"8"
"mh","DOL",
"mha","DOL",
"MLS","MLS",
"MLS (striped)","MLS",
"mneant","null",
"mokau","MAK",
"mokeka","SNX",
"mola","MOX",
"molamola","MOX",
"MOX (mola mola)","MOX",
"mrl","BIL",
"mrl bon","PEL",
"mrr","FLY",
"mrr (marara)","BIL",
"MXG (mu)","MXG",
"NAI (ume tarei)","NAI",
"nanue","KYP",
"nape","LZV",
"NAS (ume)","NAS",
"nbon","SKJ",
"neabt","null",
"neant","null",
"néant","null",
"neat","null",
"neént","null",
"nehu","GPA",
"nent","null",
"NGH (carg tapir)","NGH",
"nmah","DOL",
"nohu","PZM",
"nul","null",
"NXI (uru ati)","NXI",
"NXU (ruhi)","NXU",
"NXU (ruhi, ui, uhi)","NXU",
"OBJ (rai)","OBJ",
"OCT (fee)","OCT",
"oeo","LHO",
"œuf","UNS",
"OIL","OIL",
"OIL (uravena)","OIL",
"oiri","TRI",
"oiri tua","CNT",
"omuri","CXS",
"ono","GBA",
"OOW (paru hoa)","OOW",
"operu","DCC",
"orare","BIS",
"otava","KAW",
"ovivi","LXN",
"paaihere","NXM",
"paati","PWT",
"paere","WAH",
"pahua","DKX",
"paihere","NXM",
"pan",,"3"
"pane",,"3"
"panne",,"3"
"pap","YFT",
"pap auh","TUN",
"pap bon","TUN",
"pap tb","TUN",
"pap thz","TUN",
"pap yf","YFT",
"pap/bon","TUN",
"pap/tb","TUN",
"pap/yf","YFT",
"papillion","EBS",
"papio","EBS",
"papio ruhi","UNS",
"par","SNX",
"parai","C11",
"paru","SNX",
"paru iihi","ETA",
"paru maene","LWZ",
"paru mata","YTL",
"paru onaga","ETC",
"paru poou","UNS",
"paru rehu","EEN",
"paru reru","EEN",
"paru taape","LRY",
"pause",,"1"
"perroquet","PWT",
"peti","EEN",
"plg","OTH",
"plg (poiss lagon)","OTH",
"plg ature","UNS",
"PLS (FAI-Raie)","PLS",
"POA (brama brama)","POA",
"ponu","LJB",
"popi","LJG",
"pot","SKJ",
"pot auh","SKJ",
"pot thz","PEL",
"potae","SKJ",
"potin","SKJ",
"pph","YFT",
"ppl","YFT",
"prepos",,"9"
"PRP (mana)","PRP",
"pue","ZAX",
"PWT (perroquet)","PWT",
"PXJ (paru moi)","PXJ",
"PZM (paru nohu)","PZM",
"rai","PLS",
"RAI (paru randall)","RAI",
"Reparation",,"3"
"réparation",,"3"
"repos",,"9"
"repos panne",,"3"
"requin","SHK",
"requins","SHK",
"réunion",,"1"
"rien","null",
"roe roe","RRU",
"roeroe","RRU",
"roi","CFF",
"rori","CUX",
"rougé","YJW",
"rouget","YJW",
"route",,"10"
"RRU","RRU",
"RRU (roeroe)","RRU",
"ruhi","NXU",
"saumon","YTC",
"sauvetage",,"11"
"sdd","LAG",
"SFA","SFA",
"SFA (vl-haurepe)","SFA",
"SKJ","SKJ",
"SKJ (bon)","SKJ",
"SLV","SLV",
"SLV (langouste)","SLV",
"SNX (paru)","SNX",
"spear fish","SSP",
"SQU","SQU",
"ssd","LAG",
"SSP","SSP",
"SSP (haura paere)","SSP",
"stripe","MLS",
"SWO","SWO",
"SWO (meka)","SWO",
"taape","LRY",
"tahakari","ARQ",
"tahua","null",
"tamano","RRU",
"tamure","LJV",
"tapatu","GBA",
"tapiro","HVM",
"tarao mata","EEA",
"tarefa","AVR",
"tat","BET",
"tat/thz","PEL",
"tatamu","BET",
"tatavai","LJK",
"tatia","BAB",
"tatumu","BET",
"tavatata","KAW",
"tavatava","KAW",
"taz","WAH",
"tb","ALB",
"tb / yf","TUN",
"tb bon","TUN",
"tb hau","PEL",
"tb mah","PEL",
"tb pap","TUN",
"tb toh","PEL",
"tb tor","PEL",
"tb torr","PEL",
"tb yf","TUN",
"tb/bon","TUN",
"tb/hau","PEL",
"tb/pap","TUN",
"tb/yf","TUN",
"tbon","TUN",
"tehu","C20",
"tf","YFT",
"THM","THM",
"tho","TUN",
"thon","TUN",
"thv","SKJ",
"thz","WAH",
"thz / mah","PEL",
"thz auh","PEL",
"thz mah","PEL",
"thz mah yf","PEL",
"thz pot","PEL",
"thz yf","PEL",
"thz yf mah","PEL",
"thzmah","PEL",
"thzyf","PEL",
"thz-yf","PEL",
"tianee","BAR",
"tiatao","BAB",
"tilapia","LOB",
"tioh","SKJ",
"tirapia","LOB",
"tnb","ALB",
"tnz","WAH",
"toetoe","GSQ",
"toh","SKJ",
"toh auh","SKJ",
"toh mah","PEL",
"toh tor","SKJ",
"toh yf","PEL",
"tohe","SKJ",
"toheveri","SKJ",
"toka","PWT",
"tonu","EML",
"tor","SKJ",
"tore","SKJ",
"tore mah","PEL",
"tore pap","PEL",
"tore tr","SKJ",
"torr","SKJ",
"tph","SKJ",
"tr","null",
"tr b toh","SKJ",
"tr toh","SKJ",
"TRE (carangues)","TRE",
"TRI (oiri)","TRI",
"trocas","RQN",
"TST","TST",
"TST (paru papio)","TST",
"ttb","ALB",
"tun","TUN",
"tuna","TUN",
"tur","SKJ",
"turipo","C47",
"tyf","YFT",
"tyf-bon","TUN",
"tz","WAH",
"uah","SKJ",
"ufu","PWT",
"uhi","NXU",
"uhu","PWT",
"ui","NXU",
"ume","NAS",
"ume tarei","NAI",
"upai","F44",
"uravena","OIL",
"uruati","NXI",
"USX (perroquets)","PWT",
"utu","AVR",
"utu tarefa","AVR",
"vaente",,"12"
"vana","URQ",
"varo","RRK",
"vau","DOT",
"va'u","DOT",
"vau ruhi","UNS",
"vau tonu","UNS",
"vente",,"12"
"vete","MUV",
"vi","OTH",
"vidange",,"2"
"visite",,"13"
"vivaneau","SNA",
"vivaneaux","SNA",
"vivano","SNA",
"vl","SFA",
"vl (haurepe)","SFA",
"vl bon","PEL",
"vl thz","PEL",
"voyage",,"9"
"VRL (hoa)","VRL",
"WAH","WAH",
"WAH (thz)","WAH",
"y","YFT",
"y/bon","TUN",
"YDX (iihi)","YDX",
"yf","YFT",
"yf / thz","PEL",
"yf auh","YFT",
"yf bon","TUN",
"yf ger","TUN",
"yf hau","PEL",
"yf mah","PEL",
"yf mrl","PEL",
"yf pap","YFT",
"yf tb","TUN",
"yf thz","YFT",
"yf thz mah","PEL",
"yf/bon","TUN",
"yf/hau","PEL",
"yf/pap","YFT",
"yf/paru","UNS",
"yf-bon","TUN",
"yf-mah","PEL",
"yfpap","YFT",
"YFT","YFT",
"YFT (yf-pap)","YFT",
"yfthz","PEL",
"yf-thz","PEL",
"yf-thz-hau","PEL",
"yhz","YFT",
"yt","YFT",
"ytb","YFT",
"YTC","YTC",
"YTC (matavai)","YTC",
"ythz","WAH",
"YTL (paru matavai)","YTL",
"NXU","NXU",
